INSERT INTO users (id, email, password, full_name, role, status, created_by, created_at, last_modified_at, last_login_at, last_modified_by) VALUES (1, 'dev@devland.com',        '{bcrypt}$2a$12$x3GGh7du3zhcEfDfu6U1Nem5XCyPVl/1g4ZcA5WXZq41vlhESR9gq', 'The Developer',       'ROLE_ADMIN',      'ACTIVE',          null, CURRENT_TIMESTAMP(), CURRENT_TIMESTAMP(), null, null);
INSERT INTO users (id, email, password, full_name, role, status, created_by, created_at, last_modified_at, last_login_at, last_modified_by) VALUES (2, 'accountant@devland.com', '{bcrypt}$2a$12$x3GGh7du3zhcEfDfu6U1Nem5XCyPVl/1g4ZcA5WXZq41vlhESR9gq', 'The Accountant',      'ROLE_ACCOUNTANT', 'ACTIVE',          1,    CURRENT_TIMESTAMP(), CURRENT_TIMESTAMP(), null, null);
INSERT INTO users (id, email, password, full_name, role, status, created_by, created_at, last_modified_at, last_login_at, last_modified_by) VALUES (3, 'user1@devland.com',      '{bcrypt}$2a$12$x3GGh7du3zhcEfDfu6U1Nem5XCyPVl/1g4ZcA5WXZq41vlhESR9gq', 'User from school A',  'ROLE_USER',       'ACTIVE',          1,    CURRENT_TIMESTAMP(), CURRENT_TIMESTAMP(), null, null);
INSERT INTO users (id, email, password, full_name, role, status, created_by, created_at, last_modified_at, last_login_at, last_modified_by) VALUES (4, 'user2@devland.com',      '{bcrypt}$2a$12$x3GGh7du3zhcEfDfu6U1Nem5XCyPVl/1g4ZcA5WXZq41vlhESR9gq', 'User from school B',  'ROLE_USER',       'ACTIVE',          1,    CURRENT_TIMESTAMP(), CURRENT_TIMESTAMP(), null, null);
INSERT INTO users (id, email, password, full_name, role, status, created_by, created_at, last_modified_at, last_login_at, last_modified_by) VALUES (5, 'user3@devland.com',      '{bcrypt}$2a$12$x3GGh7du3zhcEfDfu6U1Nem5XCyPVl/1g4ZcA5WXZq41vlhESR9gq', 'Disabled User',       'ROLE_USER',       'DISABLED',        1,    CURRENT_TIMESTAMP(), CURRENT_TIMESTAMP(), null, null);
INSERT INTO users (id, email, password, full_name, role, status, created_by, created_at, last_modified_at, last_login_at, last_modified_by) VALUES (6, 'user4@devland.com',      '{bcrypt}$2a$12$x3GGh7du3zhcEfDfu6U1Nem5XCyPVl/1g4ZcA5WXZq41vlhESR9gq', 'Deleted User',        'ROLE_USER',       'DELETED',         1,    CURRENT_TIMESTAMP(), CURRENT_TIMESTAMP(), null, null);
INSERT INTO users (id, email, password, full_name, role, status, created_by, created_at, last_modified_at, last_login_at, last_modified_by) VALUES (7, 'user5@devland.com',      '{bcrypt}$2a$12$x3GGh7du3zhcEfDfu6U1Nem5XCyPVl/1g4ZcA5WXZq41vlhESR9gq', 'Reset Password User', 'ROLE_USER',       'RESET_PASSWORD',  1,    CURRENT_TIMESTAMP(), CURRENT_TIMESTAMP(), null, null);
INSERT INTO organizations (id, name, legal_name, cnpj, created_by, created_at, last_modified_at, last_modified_by) VALUES (1, 'School A', 'School A Ltda', '11111111111111', 1, CURRENT_TIMESTAMP(), CURRENT_TIMESTAMP(), null);
INSERT INTO organizations (id, name, legal_name, cnpj, created_by, created_at, last_modified_at, last_modified_by) VALUES (2, 'School B', 'School B Ltda', '22222222222222', 1, CURRENT_TIMESTAMP(), CURRENT_TIMESTAMP(), null);
INSERT INTO users_organizations (user_id, organization_id) VALUES (2, 1);
INSERT INTO users_organizations (user_id, organization_id) VALUES (2, 2);
INSERT INTO users_organizations (user_id, organization_id) VALUES (3, 1);
INSERT INTO users_organizations (user_id, organization_id) VALUES (4, 2);
INSERT INTO users_organizations (user_id, organization_id) VALUES (5, 1);
INSERT INTO users_organizations (user_id, organization_id) VALUES (6, 2);
INSERT INTO users_organizations (user_id, organization_id) VALUES (7, 1);
